                                FirstName,LastName,Job,Salary,City,Age
Angela,Lima,Dentist,48786,Los Angeles,43
Victoria,Quinn,Actor,64062,Los Angeles,56
Marianne,Quinn,Bartender,82029,Tokyo,21
Johnson,Strausse,Doctor,18055,Hong Kong,63
Mary,Nolan,Waiter,53257,Paris,23
Joe,Sullivan,,59281,Dublin,42
Niamh,Merkel,Waiter,39617,Los Angeles,63
Alyssa,Harvey,Software Engineer,33681,Singapore,20
Veronica,Peretti,Waiter,100836,Los Angeles,45
Marianne,Nolan,Waiter,76125,Hong Kong,37
Alyssa,Wu,Doctor,63120,Tokyo,60
Alyssa,Murphy,Doctor,73031,Hong Kong,59
Fred,O'Hare,Actor,19331,Los Angeles,26
Alyssa,O'Hare,Waiter,35869,Los Angeles,57
Johnson,Harvey,,95561,Singapore,37
Alex,Sullivan,Chef,95452,Paris,60
Joe,Nolan,Dentist,110093,Singapore,63
Victoria,Peretti,Waiter,34375,Los Angeles,42
Veronica,Sullivan,Doctor,75953,Dublin,43
Pamela,Weist,Actor,46488,New York,54
Joe,Nolan,Doctor,66582,New York,65
Jane,Merkel,Software Engineer,73615,Singapore,42
Victoria,Nolan,Actor,112649,Singapore,43
Fred,Smith,Doctor,22729,Tokyo,19
Niamh,Weist,Doctor,100068,Austin,47
Victoria,Wang,Doctor,86393,Austin,19
John,O'Hare,Doctor,88879,London,62
Victoria,Sullivan,Doctor,18707,Dublin,26
Victoria,Sullivan,Chef,32767,Paris,44
Alex,Harvey,Actor,53600,London,44
Alex,O'Hare,Software Engineer,37559,Dublin,23
Niamh,Sullivan,Dentist,50916,Hong Kong,20
Veronica,Smith,Bartender,41460,Hong Kong,44
Victoria,Merkel,Software Engineer,55761,Paris,58
Jane,Quinn,,27500,Dublin,61
Angela,Lima,Software Engineer,92279,Austin,45
Alex,Harvey,,89950,Los Angeles,30
Victoria,Quinn,,114501,Singapore,20
Jane,Wu,Dentist,62552,Paris,53
Alyssa,Strausse,Dentist,98783,Dublin,56
Veronica,O'Hare,Chef,62056,Hong Kong,50
Mary,Harvey,Chef,86803,London,52
Fred,Wu,Bartender,21041,Dublin,56
Johnson,Murphy,,50501,Los Angeles,57
Mary,Nolan,Chef,48282,Los Angeles,41
Marianne,Smith,,116347,Austin,33
Alex,Weist,Chef,49418,Singapore,23
Joe,Sullivan,Doctor,63820,London,58
Pamela,Harvey,Waiter,62661,Tokyo,55
Victoria,Wang,Dentist,61703,Austin,64
Joe,Murphy,Dentist,116249,Dublin,32
Fred,Weist,Bartender,45991,Los Angeles,61
Niamh,Sullivan,,44596,Tokyo,47
Victoria,Peretti,Doctor,84500,Austin,23
Mary,Sullivan,Chef,82946,Paris,46
Angela,Harvey,Bartender,35070,Dublin,33
Marianne,Harvey,Software Engineer,45425,New York,37
Angela,Smith,,92137,Tokyo,46
Angela,Smith,Chef,91081,Tokyo,29
Niamh,Wu,,64483,London,36
Alyssa,Harvey,,90097,Singapore,64
Angela,Sullivan,,26768,Tokyo,28
Jane,Strausse,Actor,45516,Paris,55
John,Wang,Actor,75036,Los Angeles,31
Alex,Sullivan,Bartender,108561,London,36
Alex,Strausse,Actor,67977,Singapore,21
Jane,Weist,Waiter,114965,Singapore,55
Veronica,Harvey,Software Engineer,21503,Paris,28
Veronica,Nolan,Bartender,76533,Dublin,50
Joe,Wang,Actor,44611,New York,47
Alyssa,Nolan,Dentist,118674,Paris,42
John,Harvey,Waiter,59876,Austin,60
Alex,O'Hare,Bartender,47435,Dublin,41
Fred,Strausse,Dentist,112051,New York,59
Veronica,Strausse,Doctor,58528,Austin,58
Angela,O'Hare,Waiter,110031,New York,46
Pamela,Quinn,,20757,Austin,65
Angela,O'Hare,Bartender,72156,London,22
Angela,Smith,Bartender,74989,Dublin,25
Alex,Sullivan,Software Engineer,100048,Singapore,61
Veronica,Smith,,64005,New York,50
Mary,Harvey,Bartender,106329,Austin,65
Victoria,Wu,,33320,Tokyo,50
Angela,Murphy,Actor,19367,Los Angeles,36
Alyssa,Merkel,,107250,New York,19
Veronica,Wang,Doctor,83035,New York,38
Fred,O'Hare,Actor,88417,New York,62
Fred,Quinn,Doctor,41729,London,21
Alex,Strausse,Waiter,80694,Paris,43
John,Quinn,,117922,Austin,34
Niamh,Wang,Software Engineer,27607,New York,43
Mary,Sullivan,Actor,89756,Los Angeles,58
Veronica,Weist,Chef,57291,Hong Kong,65
Niamh,Merkel,Waiter,78164,Austin,38
Marianne,Strausse,Waiter,96331,New York,18
Niamh,Murphy,Software Engineer,117315,Austin,20
Joe,Harvey,Bartender,102187,London,27
Victoria,Peretti,Waiter,38880,London,18
Jane,Harvey,Software Engineer,107824,London,60
John,Murphy,Actor,69798,Paris,39
